precision,recall,threshold
0.05277777777777778,1.0,0.006847356
0.05285118219749652,1.0,0.014459829
0.052924791086350974,1.0,0.014539816
0.05299860529986053,1.0,0.022506578
0.05307262569832402,1.0,0.022584504
0.05314685314685315,1.0,0.024806976
0.05322128851540616,1.0,0.026298149
0.05329593267882188,1.0,0.027656456
0.05337078651685393,1.0,0.0277837
0.053445850914205346,1.0,0.027979616
0.05352112676056338,1.0,0.028460106
0.0535966149506347,1.0,0.02912426
0.05367231638418079,1.0,0.029279603
0.05374823196605375,1.0,0.029297212
0.053824362606232294,1.0,0.029655145
0.05390070921985816,1.0,0.02968376
0.05397727272727273,1.0,0.03022789
0.05405405405405406,1.0,0.03071387
0.05413105413105413,1.0,0.03137024
0.05420827389443652,1.0,0.032226875
0.054285714285714284,1.0,0.032605194
0.05436337625178827,1.0,0.033465635
0.054441260744985676,1.0,0.033698678
0.054519368723098996,1.0,0.03393808
0.05459770114942529,1.0,0.034559257
0.05467625899280575,1.0,0.035016194
0.05475504322766571,1.0,0.03536566
0.05483405483405483,1.0,0.035807744
0.05491329479768786,1.0,0.03665819
0.05499276410998553,1.0,0.037039265
0.05507246376811594,1.0,0.037115026
0.055152394775036286,1.0,0.03758065
0.055232558139534885,1.0,0.038545474
0.055312954876273655,1.0,0.03875087
0.05539358600583091,1.0,0.039230917
0.05547445255474453,1.0,0.03932435
0.05555555555555555,1.0,0.039465927
0.055636896046852125,1.0,0.039508477
0.05571847507331378,1.0,0.04003076
0.055800293685756244,1.0,0.040243685
0.05588235294117647,1.0,0.040295057
0.055964653902798235,1.0,0.041003484
0.05604719764011799,1.0,0.041205514
0.056129985228951254,1.0,0.041279837
0.05621301775147929,1.0,0.04150669
0.056296296296296296,1.0,0.041694555
0.05637982195845697,1.0,0.04262249
0.05646359583952452,1.0,0.04280044
0.05654761904761905,1.0,0.04288442
0.05663189269746647,1.0,0.04293804
0.056716417910447764,1.0,0.04294614
0.05680119581464873,1.0,0.043659903
0.05688622754491018,1.0,0.043760028
0.05697151424287856,1.0,0.043948233
0.057057057057057055,1.0,0.044497337
0.05714285714285714,1.0,0.044716977
0.0572289156626506,1.0,0.044730287
0.05731523378582202,1.0,0.04530752
0.05740181268882175,1.0,0.045439344
0.057488653555219364,1.0,0.04548238
0.05757575757575758,1.0,0.045528483
0.057663125948406675,1.0,0.045662247
0.057750759878419454,1.0,0.0461071
0.0578386605783866,1.0,0.046815213
0.057926829268292686,1.0,0.04692187
0.05801526717557252,1.0,0.047080234
0.0581039755351682,1.0,0.048065644
0.05819295558958652,1.0,0.04843284
0.05828220858895705,1.0,0.04846268
0.05837173579109063,1.0,0.04848612
0.05846153846153846,1.0,0.048671152
0.05855161787365177,1.0,0.04868026
0.05864197530864197,1.0,0.049123492
0.05873261205564142,1.0,0.04930328
0.058823529411764705,1.0,0.049430408
0.05891472868217054,1.0,0.04966825
0.059006211180124224,1.0,0.049802437
0.05909797822706065,1.0,0.050141435
0.059190031152647975,1.0,0.05026247
0.059282371294851796,1.0,0.050496265
0.059375,1.0,0.05052702
0.0594679186228482,1.0,0.05082674
0.05956112852664577,1.0,0.051125593
0.059654631083202514,1.0,0.05114201
0.059748427672955975,1.0,0.051161125
0.05984251968503937,1.0,0.051198184
0.05993690851735016,1.0,0.051244035
0.06003159557661927,1.0,0.051467046
0.060126582278481014,1.0,0.05214457
0.060221870047543584,1.0,0.05215946
0.06031746031746032,1.0,0.05218994
0.06041335453100159,1.0,0.052380517
0.06050955414012739,1.0,0.052886944
0.06060606060606061,1.0,0.05306952
0.06070287539936102,1.0,0.053757116
0.0608,1.0,0.053808343
0.060897435897435896,1.0,0.054058343
0.060995184590690206,1.0,0.054093465
0.06109324758842444,1.0,0.05500085
0.061191626409017714,1.0,0.055150427
0.06129032258064516,1.0,0.055555597
0.061389337641357025,1.0,0.055614762
0.061488673139158574,1.0,0.055716448
0.06158833063209076,1.0,0.0557729
0.06168831168831169,1.0,0.05601613
0.061788617886178863,1.0,0.05601803
0.06188925081433225,1.0,0.05612268
0.06199021207177814,1.0,0.056555253
0.06209150326797386,1.0,0.056597967
0.062193126022913256,1.0,0.056971405
0.06229508196721312,1.0,0.05703239
0.06239737274220033,1.0,0.057711568
0.0625,1.0,0.058992002
0.06260296540362438,1.0,0.05932741
0.0627062706270627,1.0,0.059458494
0.0628099173553719,1.0,0.05979975
0.06291390728476821,1.0,0.060526032
0.06301824212271974,1.0,0.060684595
0.06312292358803986,1.0,0.06071634
0.0632279534109817,1.0,0.06082447
0.06333333333333334,1.0,0.06251615
0.06343906510851419,1.0,0.06264603
0.06354515050167224,1.0,0.06285624
0.06365159128978225,1.0,0.06295694
0.06375838926174497,1.0,0.06371626
0.06386554621848739,1.0,0.064044625
0.06397306397306397,1.0,0.064241916
0.06408094435075885,1.0,0.06488298
0.06418918918918919,1.0,0.06519512
0.06429780033840947,1.0,0.06522682
0.06440677966101695,1.0,0.06625256
0.06451612903225806,1.0,0.066380374
0.06462585034013606,1.0,0.06697032
0.06473594548551959,1.0,0.06711033
0.06484641638225255,1.0,0.06711037
0.06495726495726496,1.0,0.06752125
0.06506849315068493,1.0,0.06779253
0.06518010291595197,1.0,0.06780562
0.06529209621993128,1.0,0.0683187
0.06540447504302926,1.0,0.06899154
0.06551724137931035,1.0,0.06910339
0.06563039723661486,1.0,0.06936654
0.0657439446366782,1.0,0.06951017
0.0658578856152513,1.0,0.069523156
0.06597222222222222,1.0,0.069534265
0.06608695652173913,1.0,0.069552764
0.06620209059233449,1.0,0.06956885
0.06631762652705062,1.0,0.069621295
0.06643356643356643,1.0,0.06966823
0.06654991243432574,1.0,0.06984692
0.06666666666666667,1.0,0.069922775
0.06678383128295255,1.0,0.06996598
0.06690140845070422,1.0,0.070051566
0.06701940035273368,1.0,0.07044025
0.06713780918727916,1.0,0.07051302
0.06725663716814159,1.0,0.07067151
0.0673758865248227,1.0,0.070681244
0.0674955595026643,1.0,0.07079319
0.06761565836298933,1.0,0.070927314
0.0677361853832442,1.0,0.07137418
0.06785714285714285,1.0,0.07153622
0.06797853309481217,1.0,0.07156591
0.06810035842293907,1.0,0.072019674
0.06822262118491922,1.0,0.072027214
0.0683453237410072,1.0,0.07243834
0.06846846846846846,1.0,0.07258871
0.06859205776173286,1.0,0.07263466
0.06871609403254973,1.0,0.07325073
0.06884057971014493,1.0,0.073359214
0.06896551724137931,1.0,0.07389113
0.06909090909090909,1.0,0.073956564
0.0692167577413479,1.0,0.0739755
0.06934306569343066,1.0,0.073991016
0.06946983546617916,1.0,0.0740596
0.0695970695970696,1.0,0.07463843
0.06972477064220184,1.0,0.07468915
0.06985294117647059,1.0,0.074786164
0.06998158379373849,1.0,0.075069375
0.07011070110701106,1.0,0.075128496
0.07024029574861368,1.0,0.075194314
0.07037037037037037,1.0,0.075215966
0.07050092764378478,1.0,0.075308755
0.07063197026022305,1.0,0.0758706
0.07076350093109869,1.0,0.07605639
0.0708955223880597,1.0,0.07612851
0.07102803738317758,1.0,0.07633581
0.07116104868913857,1.0,0.07635545
0.07129455909943715,1.0,0.07665212
0.07142857142857142,1.0,0.07689842
0.07156308851224105,1.0,0.07691539
0.07169811320754717,1.0,0.07737808
0.07183364839319471,1.0,0.07752614
0.07196969696969698,1.0,0.0780433
0.07210626185958255,1.0,0.0780743
0.07224334600760456,1.0,0.078305654
0.07238095238095238,1.0,0.078420326
0.07251908396946564,1.0,0.07845494
0.07265774378585087,1.0,0.07847347
0.07279693486590039,1.0,0.07863918
0.07293666026871401,1.0,0.07872117
0.07307692307692308,1.0,0.07879864
0.07321772639691715,1.0,0.07893715
0.07335907335907337,1.0,0.07896893
0.0735009671179884,1.0,0.07908228
0.07364341085271318,1.0,0.07913849
0.07378640776699029,1.0,0.07919864
0.07392996108949416,1.0,0.07935602
0.07407407407407407,1.0,0.079472154
0.07421875,1.0,0.07973957
0.07436399217221135,1.0,0.07982213
0.07450980392156863,1.0,0.079939194
0.07465618860510806,1.0,0.080050975
0.07480314960629922,1.0,0.080472335
0.07495069033530571,1.0,0.08066865
0.07509881422924901,1.0,0.08076179
0.07326732673267326,0.9736842105263158,0.08132532
0.07341269841269842,0.9736842105263158,0.08154583
0.073558648111332,0.9736842105263158,0.08164012
0.07370517928286853,0.9736842105263158,0.0817196
0.07385229540918163,0.9736842105263158,0.08211798
0.074,0.9736842105263158,0.08233422
0.07414829659318638,0.9736842105263158,0.08253547
0.07429718875502007,0.9736842105263158,0.08282937
0.0744466800804829,0.9736842105263158,0.08303241
0.07459677419354839,0.9736842105263158,0.08316268
0.07474747474747474,0.9736842105263158,0.083468564
0.07489878542510121,0.9736842105263158,0.083494656
0.07505070993914807,0.9736842105263158,0.08360514
0.07520325203252033,0.9736842105263158,0.08378149
0.07535641547861507,0.9736842105263158,0.08379774
0.07551020408163266,0.9736842105263158,0.083831854
0.07566462167689161,0.9736842105263158,0.083933115
0.07581967213114754,0.9736842105263158,0.084037624
0.07597535934291581,0.9736842105263158,0.08427572
0.07613168724279835,0.9736842105263158,0.08427855
0.07628865979381444,0.9736842105263158,0.08447563
0.07644628099173553,0.9736842105263158,0.08467214
0.07660455486542443,0.9736842105263158,0.084714584
0.07676348547717843,0.9736842105263158,0.08495502
0.07692307692307693,0.9736842105263158,0.08512733
0.07708333333333334,0.9736842105263158,0.08515159
0.07724425887265135,0.9736842105263158,0.08519641
0.07740585774058577,0.9736842105263158,0.08532198
0.07756813417190776,0.9736842105263158,0.08585446
0.07773109243697479,0.9736842105263158,0.085864894
0.07789473684210527,0.9736842105263158,0.08646034
0.07805907172995781,0.9736842105263158,0.08665504
0.07822410147991543,0.9736842105263158,0.08667745
0.07838983050847458,0.9736842105263158,0.08804104
0.07855626326963906,0.9736842105263158,0.08866383
0.07872340425531915,0.9736842105263158,0.08954307
0.07889125799573561,0.9736842105263158,0.089697145
0.07905982905982906,0.9736842105263158,0.08974644
0.07922912205567452,0.9736842105263158,0.090081386
0.07939914163090128,0.9736842105263158,0.09015557
0.07956989247311828,0.9736842105263158,0.09057698
0.07974137931034483,0.9736842105263158,0.0907641
0.07991360691144708,0.9736842105263158,0.090992354
0.08008658008658008,0.9736842105263158,0.09113565
0.08026030368763558,0.9736842105263158,0.091499254
0.08043478260869565,0.9736842105263158,0.091839164
0.08061002178649238,0.9736842105263158,0.091966785
0.08078602620087336,0.9736842105263158,0.09203387
0.08096280087527352,0.9736842105263158,0.092635244
0.08114035087719298,0.9736842105263158,0.09285393
0.08131868131868132,0.9736842105263158,0.09330741
0.08149779735682819,0.9736842105263158,0.09341016
0.08167770419426049,0.9736842105263158,0.09408665
0.08185840707964602,0.9736842105263158,0.09438048
0.082039911308204,0.9736842105263158,0.09496227
0.08222222222222222,0.9736842105263158,0.0950717
0.08240534521158129,0.9736842105263158,0.09551341
0.08258928571428571,0.9736842105263158,0.09557272
0.08277404921700224,0.9736842105263158,0.095593214
0.08295964125560538,0.9736842105263158,0.09568617
0.08314606741573034,0.9736842105263158,0.09581715
0.08333333333333333,0.9736842105263158,0.09585857
0.0835214446952596,0.9736842105263158,0.096082166
0.083710407239819,0.9736842105263158,0.09646954
0.08390022675736962,0.9736842105263158,0.096828565
0.08409090909090909,0.9736842105263158,0.0973691
0.08428246013667426,0.9736842105263158,0.09759116
0.08447488584474885,0.9736842105263158,0.09796889
0.08466819221967964,0.9736842105263158,0.09838082
0.08486238532110092,0.9736842105263158,0.098446235
0.08505747126436781,0.9736842105263158,0.09848975
0.08525345622119816,0.9736842105263158,0.09867096
0.08545034642032333,0.9736842105263158,0.098896354
0.08564814814814815,0.9736842105263158,0.09904568
0.08584686774941995,0.9736842105263158,0.09948401
0.08604651162790698,0.9736842105263158,0.09979652
0.08624708624708624,0.9736842105263158,0.0998572
0.08644859813084112,0.9736842105263158,0.09999463
0.08665105386416862,0.9736842105263158,0.10001242
0.08685446009389672,0.9736842105263158,0.10004611
0.08705882352941176,0.9736842105263158,0.10006072
0.08726415094339622,0.9736842105263158,0.10020219
0.08747044917257683,0.9736842105263158,0.10044842
0.08767772511848342,0.9736842105263158,0.10045657
0.08788598574821853,0.9736842105263158,0.10071082
0.0880952380952381,0.9736842105263158,0.10071847
0.0883054892601432,0.9736842105263158,0.10144963
0.08851674641148326,0.9736842105263158,0.10209151
0.08872901678657075,0.9736842105263158,0.10211219
0.0889423076923077,0.9736842105263158,0.102202505
0.0891566265060241,0.9736842105263158,0.102321595
0.0893719806763285,0.9736842105263158,0.10264316
0.08958837772397095,0.9736842105263158,0.10290994
0.08980582524271845,0.9736842105263158,0.10308892
0.09002433090024331,0.9736842105263158,0.103094876
0.09024390243902439,0.9736842105263158,0.103125714
0.09046454767726161,0.9736842105263158,0.1032489
0.09068627450980392,0.9736842105263158,0.103268
0.09090909090909091,0.9736842105263158,0.10328528
0.09113300492610837,0.9736842105263158,0.10357053
0.09135802469135802,0.9736842105263158,0.10402344
0.09158415841584158,0.9736842105263158,0.1040624
0.09181141439205956,0.9736842105263158,0.10432276
0.09203980099502487,0.9736842105263158,0.10450424
0.09226932668329177,0.9736842105263158,0.10456383
0.0925,0.9736842105263158,0.10480929
0.09273182957393483,0.9736842105263158,0.10497358
0.09296482412060302,0.9736842105263158,0.10541067
0.09319899244332494,0.9736842105263158,0.10554461
0.09343434343434344,0.9736842105263158,0.10593024
0.09367088607594937,0.9736842105263158,0.105930805
0.09390862944162437,0.9736842105263158,0.10606712
0.09414758269720101,0.9736842105263158,0.10610784
0.09438775510204081,0.9736842105263158,0.106314786
0.09462915601023018,0.9736842105263158,0.106349334
0.09487179487179487,0.9736842105263158,0.10686532
0.09511568123393316,0.9736842105263158,0.1069585
0.09536082474226804,0.9736842105263158,0.106961645
0.09560723514211886,0.9736842105263158,0.10699493
0.09585492227979274,0.9736842105263158,0.107015654
0.09610389610389611,0.9736842105263158,0.10719534
0.09635416666666667,0.9736842105263158,0.10742674
0.09660574412532637,0.9736842105263158,0.107603535
0.0968586387434555,0.9736842105263158,0.10786834
0.09711286089238845,0.9736842105263158,0.108106576
0.09736842105263158,0.9736842105263158,0.108495675
0.09762532981530343,0.9736842105263158,0.108566016
0.09788359788359788,0.9736842105263158,0.108566515
0.09814323607427056,0.9736842105263158,0.10860916
0.09840425531914894,0.9736842105263158,0.109232605
0.09866666666666667,0.9736842105263158,0.109386645
0.09893048128342247,0.9736842105263158,0.10939971
0.09919571045576407,0.9736842105263158,0.10970699
0.09946236559139784,0.9736842105263158,0.11019313
0.09973045822102426,0.9736842105263158,0.11020513
0.1,0.9736842105263158,0.11029622
0.1002710027100271,0.9736842105263158,0.110298075
0.10054347826086957,0.9736842105263158,0.1104637
0.1008174386920981,0.9736842105263158,0.11049345
0.10109289617486339,0.9736842105263158,0.11068269
0.10136986301369863,0.9736842105263158,0.11079156
0.10164835164835165,0.9736842105263158,0.11090349
0.10192837465564739,0.9736842105263158,0.111786634
0.10220994475138122,0.9736842105263158,0.11183981
0.10249307479224377,0.9736842105263158,0.1121364
0.10277777777777777,0.9736842105263158,0.11218921
0.10306406685236769,0.9736842105263158,0.11241244
0.10335195530726257,0.9736842105263158,0.112716235
0.10364145658263306,0.9736842105263158,0.112816624
0.10393258426966293,0.9736842105263158,0.11307034
0.10422535211267606,0.9736842105263158,0.1134438
0.10451977401129943,0.9736842105263158,0.11344625
0.1048158640226629,0.9736842105263158,0.11438315
0.10511363636363637,0.9736842105263158,0.115184575
0.10541310541310542,0.9736842105263158,0.11532785
0.10571428571428572,0.9736842105263158,0.115428686
0.10601719197707736,0.9736842105263158,0.11576679
0.10632183908045977,0.9736842105263158,0.11626446
0.10662824207492795,0.9736842105263158,0.11639008
0.1069364161849711,0.9736842105263158,0.11658539
0.1072463768115942,0.9736842105263158,0.116887756
0.10755813953488372,0.9736842105263158,0.11736822
0.10787172011661808,0.9736842105263158,0.117897734
0.10818713450292397,0.9736842105263158,0.11823111
0.10850439882697947,0.9736842105263158,0.11838288
0.10882352941176471,0.9736842105263158,0.11844022
0.10914454277286136,0.9736842105263158,0.11860219
0.10946745562130178,0.9736842105263158,0.1186778
0.10682492581602374,0.9473684210526315,0.11875384
0.10714285714285714,0.9473684210526315,0.11926348
0.10746268656716418,0.9473684210526315,0.11938356
0.10778443113772455,0.9473684210526315,0.11950992
0.10810810810810811,0.9473684210526315,0.11972785
0.10843373493975904,0.9473684210526315,0.12028435
0.10876132930513595,0.9473684210526315,0.120538205
0.10909090909090909,0.9473684210526315,0.12060743
0.1094224924012158,0.9473684210526315,0.12105954
0.10975609756097561,0.9473684210526315,0.12115865
0.11009174311926606,0.9473684210526315,0.12125811
0.11042944785276074,0.9473684210526315,0.12162868
0.11076923076923077,0.9473684210526315,0.12187889
0.1111111111111111,0.9473684210526315,0.12197968
0.11145510835913312,0.9473684210526315,0.122152485
0.11180124223602485,0.9473684210526315,0.122155815
0.11214953271028037,0.9473684210526315,0.12222338
0.1125,0.9473684210526315,0.12255248
0.11285266457680251,0.9473684210526315,0.12256993
0.11320754716981132,0.9473684210526315,0.12294565
0.11356466876971609,0.9473684210526315,0.12299165
0.11392405063291139,0.9473684210526315,0.12304899
0.11428571428571428,0.9473684210526315,0.12315411
0.11464968152866242,0.9473684210526315,0.1252099
0.11501597444089456,0.9473684210526315,0.12540112
0.11538461538461539,0.9473684210526315,0.12543195
0.1157556270096463,0.9473684210526315,0.12578906
0.11612903225806452,0.9473684210526315,0.1259643
0.11650485436893204,0.9473684210526315,0.12657154
0.11688311688311688,0.9473684210526315,0.12688705
0.11726384364820847,0.9473684210526315,0.12811396
0.11764705882352941,0.9473684210526315,0.1288193
0.1180327868852459,0.9473684210526315,0.12888417
0.11842105263157894,0.9473684210526315,0.12899426
0.1188118811881188,0.9473684210526315,0.12960882
0.11920529801324503,0.9473684210526315,0.12960958
0.11960132890365449,0.9473684210526315,0.12969874
0.12,0.9473684210526315,0.13029453
0.12040133779264214,0.9473684210526315,0.130314
0.12080536912751678,0.9473684210526315,0.13053682
0.12121212121212122,0.9473684210526315,0.13059287
0.12162162162162163,0.9473684210526315,0.13067475
0.12203389830508475,0.9473684210526315,0.13091624
0.12244897959183673,0.9473684210526315,0.13120754
0.12286689419795221,0.9473684210526315,0.13189729
0.1232876712328767,0.9473684210526315,0.13225427
0.12371134020618557,0.9473684210526315,0.13280925
0.12413793103448276,0.9473684210526315,0.132962
0.1245674740484429,0.9473684210526315,0.13308051
0.125,0.9473684210526315,0.13384147
0.1254355400696864,0.9473684210526315,0.13400964
0.1258741258741259,0.9473684210526315,0.1345745
0.12631578947368421,0.9473684210526315,0.1347447
0.1267605633802817,0.9473684210526315,0.13506277
0.127208480565371,0.9473684210526315,0.13518873
0.1276595744680851,0.9473684210526315,0.13539928
0.12811387900355872,0.9473684210526315,0.13616818
0.12857142857142856,0.9473684210526315,0.13670686
0.12903225806451613,0.9473684210526315,0.13712135
0.12949640287769784,0.9473684210526315,0.13720952
0.1299638989169675,0.9473684210526315,0.13780446
0.13043478260869565,0.9473684210526315,0.13812762
0.13090909090909092,0.9473684210526315,0.13813262
0.13138686131386862,0.9473684210526315,0.13816673
0.13186813186813187,0.9473684210526315,0.13850437
0.1323529411764706,0.9473684210526315,0.13897069
0.13284132841328414,0.9473684210526315,0.13913296
0.13333333333333333,0.9473684210526315,0.13949482
0.13382899628252787,0.9473684210526315,0.13981864
0.13432835820895522,0.9473684210526315,0.14045171
0.1348314606741573,0.9473684210526315,0.14071363
0.13533834586466165,0.9473684210526315,0.14099115
0.13584905660377358,0.9473684210526315,0.14109649
0.13636363636363635,0.9473684210526315,0.1412788
0.13688212927756654,0.9473684210526315,0.14138375
0.13740458015267176,0.9473684210526315,0.14152855
0.13793103448275862,0.9473684210526315,0.14152934
0.13846153846153847,0.9473684210526315,0.1422992
0.138996138996139,0.9473684210526315,0.14236683
0.13953488372093023,0.9473684210526315,0.14294158
0.14007782101167315,0.9473684210526315,0.14324221
0.140625,0.9473684210526315,0.14333345
0.1411764705882353,0.9473684210526315,0.14370641
0.14173228346456693,0.9473684210526315,0.1438164
0.1422924901185771,0.9473684210526315,0.14407018
0.14285714285714285,0.9473684210526315,0.14437598
0.14342629482071714,0.9473684210526315,0.14489155
0.144,0.9473684210526315,0.14565563
0.14457831325301204,0.9473684210526315,0.14593206
0.14516129032258066,0.9473684210526315,0.14600374
0.145748987854251,0.9473684210526315,0.14624754
0.14634146341463414,0.9473684210526315,0.14744486
0.1469387755102041,0.9473684210526315,0.14901379
0.14754098360655737,0.9473684210526315,0.14901489
0.14814814814814814,0.9473684210526315,0.14906535
0.1487603305785124,0.9473684210526315,0.14916256
0.14937759336099585,0.9473684210526315,0.15005168
0.15,0.9473684210526315,0.15032643
0.1506276150627615,0.9473684210526315,0.15059859
0.15126050420168066,0.9473684210526315,0.15071444
0.1518987341772152,0.9473684210526315,0.15075977
0.15254237288135594,0.9473684210526315,0.1508436
0.15319148936170213,0.9473684210526315,0.15087742
0.15384615384615385,0.9473684210526315,0.15098771
0.15450643776824036,0.9473684210526315,0.15107538
0.15517241379310345,0.9473684210526315,0.1522596
0.15584415584415584,0.9473684210526315,0.15234667
0.1565217391304348,0.9473684210526315,0.1523957
0.1572052401746725,0.9473684210526315,0.15245518
0.15789473684210525,0.9473684210526315,0.15272588
0.15859030837004406,0.9473684210526315,0.15280023
0.1592920353982301,0.9473684210526315,0.15286696
0.16,0.9473684210526315,0.15373981
0.16071428571428573,0.9473684210526315,0.1539194
0.16143497757847533,0.9473684210526315,0.15437797
0.15765765765765766,0.9210526315789473,0.1546035
0.1583710407239819,0.9210526315789473,0.15487294
0.1590909090909091,0.9210526315789473,0.15527889
0.1598173515981735,0.9210526315789473,0.15556899
0.16055045871559634,0.9210526315789473,0.15565369
0.16129032258064516,0.9210526315789473,0.1556653
0.16203703703703703,0.9210526315789473,0.15575922
0.16279069767441862,0.9210526315789473,0.15641734
0.16355140186915887,0.9210526315789473,0.15721147
0.1643192488262911,0.9210526315789473,0.15811248
0.1650943396226415,0.9210526315789473,0.15938587
0.16587677725118483,0.9210526315789473,0.16004756
0.16666666666666666,0.9210526315789473,0.16015917
0.1674641148325359,0.9210526315789473,0.16102882
0.16826923076923078,0.9210526315789473,0.16124167
0.16908212560386474,0.9210526315789473,0.16167359
0.16990291262135923,0.9210526315789473,0.16253069
0.17073170731707318,0.9210526315789473,0.16269475
0.1715686274509804,0.9210526315789473,0.16478229
0.1724137931034483,0.9210526315789473,0.16483837
0.17326732673267325,0.9210526315789473,0.1649114
0.17412935323383086,0.9210526315789473,0.16528809
0.175,0.9210526315789473,0.16532469
0.17587939698492464,0.9210526315789473,0.16611442
0.17676767676767677,0.9210526315789473,0.16639258
0.17766497461928935,0.9210526315789473,0.16674548
0.17857142857142858,0.9210526315789473,0.16736749
0.1794871794871795,0.9210526315789473,0.16822463
0.18041237113402062,0.9210526315789473,0.16845733
0.18134715025906736,0.9210526315789473,0.16898839
0.18229166666666666,0.9210526315789473,0.16972561
0.18324607329842932,0.9210526315789473,0.1697311
0.18421052631578946,0.9210526315789473,0.16974726
0.18518518518518517,0.9210526315789473,0.17003289
0.18617021276595744,0.9210526315789473,0.1710852
0.18716577540106952,0.9210526315789473,0.17129911
0.1881720430107527,0.9210526315789473,0.17151769
0.1891891891891892,0.9210526315789473,0.17340797
0.19021739130434784,0.9210526315789473,0.1735277
0.1912568306010929,0.9210526315789473,0.17380942
0.19230769230769232,0.9210526315789473,0.1745675
0.19337016574585636,0.9210526315789473,0.17511755
0.19444444444444445,0.9210526315789473,0.17512475
0.19553072625698323,0.9210526315789473,0.17539047
0.19662921348314608,0.9210526315789473,0.17542765
0.1977401129943503,0.9210526315789473,0.17670172
0.19886363636363635,0.9210526315789473,0.17721634
0.2,0.9210526315789473,0.17723095
0.20114942528735633,0.9210526315789473,0.17786346
0.2023121387283237,0.9210526315789473,0.17833021
0.20348837209302326,0.9210526315789473,0.17843252
0.2046783625730994,0.9210526315789473,0.17911398
0.20588235294117646,0.9210526315789473,0.18509759
0.20118343195266272,0.8947368421052632,0.18512993
0.20238095238095238,0.8947368421052632,0.1862621
0.20359281437125748,0.8947368421052632,0.18642867
0.20481927710843373,0.8947368421052632,0.18666616
0.20606060606060606,0.8947368421052632,0.18730214
0.2073170731707317,0.8947368421052632,0.1874195
0.2085889570552147,0.8947368421052632,0.18743898
0.20987654320987653,0.8947368421052632,0.1875744
0.20496894409937888,0.868421052631579,0.1875881
0.20625,0.868421052631579,0.18779401
0.20754716981132076,0.868421052631579,0.18890661
0.2088607594936709,0.868421052631579,0.1889273
0.21019108280254778,0.868421052631579,0.18909413
0.21153846153846154,0.868421052631579,0.18910247
0.2129032258064516,0.868421052631579,0.189735
0.21428571428571427,0.868421052631579,0.18975459
0.21568627450980393,0.868421052631579,0.18993682
0.21710526315789475,0.868421052631579,0.19015554
0.2185430463576159,0.868421052631579,0.19158919
0.22,0.868421052631579,0.19204158
0.2214765100671141,0.868421052631579,0.19278349
0.22297297297297297,0.868421052631579,0.1938119
0.22448979591836735,0.868421052631579,0.19506627
0.22602739726027396,0.868421052631579,0.1954857
0.22758620689655173,0.868421052631579,0.19678628
0.22916666666666666,0.868421052631579,0.19971402
0.23076923076923078,0.868421052631579,0.2003814
0.2323943661971831,0.868421052631579,0.20125967
0.23404255319148937,0.868421052631579,0.20142606
0.2357142857142857,0.868421052631579,0.20242271
0.23741007194244604,0.868421052631579,0.20326325
0.2391304347826087,0.868421052631579,0.20369004
0.24087591240875914,0.868421052631579,0.20476076
0.2426470588235294,0.868421052631579,0.205373
0.24444444444444444,0.868421052631579,0.2060759
0.2462686567164179,0.868421052631579,0.20660219
0.24812030075187969,0.868421052631579,0.20751646
0.25,0.868421052631579,0.20791206
0.25190839694656486,0.868421052631579,0.20797254
0.25384615384615383,0.868421052631579,0.20856068
0.2558139534883721,0.868421052631579,0.21028365
0.2578125,0.868421052631579,0.21248913
0.25984251968503935,0.868421052631579,0.21261278
0.2619047619047619,0.868421052631579,0.21286558
0.264,0.868421052631579,0.21334808
0.2661290322580645,0.868421052631579,0.21382417
0.2682926829268293,0.868421052631579,0.21408828
0.27049180327868855,0.868421052631579,0.21712606
0.2727272727272727,0.868421052631579,0.21827424
0.275,0.868421052631579,0.21868601
0.2773109243697479,0.868421052631579,0.21883672
0.2796610169491525,0.868421052631579,0.21942605
0.28205128205128205,0.868421052631579,0.2198029
0.28448275862068967,0.868421052631579,0.22114791
0.28695652173913044,0.868421052631579,0.22468863
0.2894736842105263,0.868421052631579,0.22504629
0.2920353982300885,0.868421052631579,0.22517453
0.29464285714285715,0.868421052631579,0.22543629
0.2972972972972973,0.868421052631579,0.226828
0.3,0.868421052631579,0.22747312
0.30275229357798167,0.868421052631579,0.2274865
0.3055555555555556,0.868421052631579,0.22752227
0.308411214953271,0.868421052631579,0.22818542
0.3113207547169811,0.868421052631579,0.23011038
0.3142857142857143,0.868421052631579,0.23211373
0.3173076923076923,0.868421052631579,0.23686616
0.32038834951456313,0.868421052631579,0.23839647
0.3235294117647059,0.868421052631579,0.24059732
0.32673267326732675,0.868421052631579,0.2408798
0.33,0.868421052631579,0.24188662
0.3333333333333333,0.868421052631579,0.24594519
0.336734693877551,0.868421052631579,0.2460284
0.3402061855670103,0.868421052631579,0.24641936
0.34375,0.868421052631579,0.24787484
0.3473684210526316,0.868421052631579,0.24957953
0.35106382978723405,0.868421052631579,0.2514
0.3548387096774194,0.868421052631579,0.2521315
0.358695652173913,0.868421052631579,0.2528018
0.3626373626373626,0.868421052631579,0.25475276
0.36666666666666664,0.868421052631579,0.25551856
0.3707865168539326,0.868421052631579,0.2555282
0.375,0.868421052631579,0.2559439
0.3793103448275862,0.868421052631579,0.2575991
0.38372093023255816,0.868421052631579,0.25917137
0.38823529411764707,0.868421052631579,0.25971413
0.39285714285714285,0.868421052631579,0.2629703
0.39759036144578314,0.868421052631579,0.26522708
0.4024390243902439,0.868421052631579,0.26680422
0.4074074074074074,0.868421052631579,0.26796308
0.4125,0.868421052631579,0.26848176
0.4177215189873418,0.868421052631579,0.27082545
0.4230769230769231,0.868421052631579,0.27084845
0.42857142857142855,0.868421052631579,0.27556166
0.4342105263157895,0.868421052631579,0.28289172
0.44,0.868421052631579,0.2850311
0.44594594594594594,0.868421052631579,0.28888398
0.4520547945205479,0.868421052631579,0.2946119
0.4583333333333333,0.868421052631579,0.29661545
0.4647887323943662,0.868421052631579,0.29747385
0.4714285714285714,0.868421052631579,0.3029596
0.4782608695652174,0.868421052631579,0.3046443
0.4852941176470588,0.868421052631579,0.31118405
0.4925373134328358,0.868421052631579,0.32079995
0.5,0.868421052631579,0.32212865
0.5076923076923077,0.868421052631579,0.3259978
0.515625,0.868421052631579,0.32646403
0.5238095238095238,0.868421052631579,0.32983056
0.532258064516129,0.868421052631579,0.34949547
0.5409836065573771,0.868421052631579,0.35008115
0.55,0.868421052631579,0.36225313
0.559322033898305,0.868421052631579,0.362343
0.5689655172413793,0.868421052631579,0.36978626
0.5789473684210527,0.868421052631579,0.3732517
0.5892857142857143,0.868421052631579,0.3792395
0.6,0.868421052631579,0.39070916
0.6111111111111112,0.868421052631579,0.39208677
0.6226415094339622,0.868421052631579,0.40047798
0.6346153846153846,0.868421052631579,0.40739143
0.6470588235294118,0.868421052631579,0.40856072
0.66,0.868421052631579,0.4089919
0.673469387755102,0.868421052631579,0.43688303
0.6875,0.868421052631579,0.89800304
0.7021276595744681,0.868421052631579,0.91311115
0.717391304347826,0.868421052631579,0.91975063
0.7111111111111111,0.8421052631578947,1.1121863
0.7272727272727273,0.8421052631578947,1.1482
0.7441860465116279,0.8421052631578947,1.1738291
0.7380952380952381,0.8157894736842105,1.2006125
0.7317073170731707,0.7894736842105263,1.259725
0.75,0.7894736842105263,1.3103166
0.7435897435897436,0.7631578947368421,1.3501774
0.7368421052631579,0.7368421052631579,1.3932383
0.7297297297297297,0.7105263157894737,1.4117938
0.7222222222222222,0.6842105263157895,1.4230745
0.7142857142857143,0.6578947368421053,1.4849375
0.7352941176470589,0.6578947368421053,1.4916835
0.7575757575757576,0.6578947368421053,1.5009845
0.75,0.631578947368421,1.5318606
0.7741935483870968,0.631578947368421,1.5389867
0.7666666666666667,0.6052631578947368,1.5935237
0.7586206896551724,0.5789473684210527,1.6100368
0.7857142857142857,0.5789473684210527,1.615546
0.7777777777777778,0.5526315789473685,1.6643949
0.7692307692307693,0.5263157894736842,1.7578862
0.8,0.5263157894736842,1.7773858
0.7916666666666666,0.5,1.7929865
0.782608695652174,0.47368421052631576,1.8747385
0.8181818181818182,0.47368421052631576,1.9041835
0.8571428571428571,0.47368421052631576,1.9149492
0.85,0.4473684210526316,1.9329711
0.8421052631578947,0.42105263157894735,2.004639
0.8888888888888888,0.42105263157894735,2.081803
0.8823529411764706,0.39473684210526316,2.1857924
0.875,0.3684210526315789,2.2024975
0.8666666666666667,0.34210526315789475,2.2061267
0.8571428571428571,0.3157894736842105,2.31153
0.8461538461538461,0.2894736842105263,2.6353617
0.8333333333333334,0.2631578947368421,2.7993748
0.8181818181818182,0.23684210526315788,2.9175134
0.8,0.21052631578947367,2.938766
0.7777777777777778,0.18421052631578946,3.033462
0.75,0.15789473684210525,3.2911365
0.7142857142857143,0.13157894736842105,3.698123
0.6666666666666666,0.10526315789473684,3.7822664
0.8,0.10526315789473684,3.869654
0.75,0.07894736842105263,5.4712844
0.6666666666666666,0.05263157894736842,5.5754337
1.0,0.05263157894736842,5.679532
1.0,0.02631578947368421,6.517995
